[
  {
    "inputs": [
      {
        "internalType": "contract IBalancerTokenAdmin",
        "name": "tokenAdmin",
        "type": "address"
      },
      {
        "internalType": "contract IGaugeController",
        "name": "gaugeController",
        "type": "address"
      }
    ],
    "stateMutability": "nonpayable",
    "type": "constructor"
  },
  {
    "anonymous": false,
    "inputs": [
      {
        "indexed": true,
        "internalType": "address",
        "name": "recipient",
        "type": "address"
      },
      {
        "indexed": false,
        "internalType": "address",
        "name": "gauge",
        "type": "address"
      },
      {
        "indexed": false,
        "internalType": "uint256",
        "name": "minted",
        "type": "uint256"
      }
    ],
    "name": "Minted",
    "type": "event"
  },
  {
    "inputs": [
      {
        "internalType": "address",
        "name": "minter",
        "type": "address"
      },
      {
        "internalType": "address",
        "name": "user",
        "type": "address"
      }
    ],
    "name": "allowed_to_mint_for",
    "outputs": [
      {
        "internalType": "bool",
        "name": "",
        "type": "bool"
      }
    ],
    "stateMutability": "view",
    "type": "function"
  },
  {
    "inputs": [
      {
        "internalType": "address",
        "name": "minter",
        "type": "address"
      },
      {
        "internalType": "address",
        "name": "user",
        "type": "address"
      }
    ],
    "name": "approvedMinter",
    "outputs": [
      {
        "internalType": "bool",
        "name": "",
        "type": "bool"
      }
    ],
    "stateMutability": "view",
    "type": "function"
  },
  {
    "inputs": [],
    "name": "getBalancerTokenAdmin",
    "outputs": [
      {
        "internalType": "address",
        "name": "",
        "type": "address"
      }
    ],
    "stateMutability": "view",
    "type": "function"
  },
  {
    "inputs": [],
    "name": "getGaugeController",
    "outputs": [
      {
        "internalType": "contract IGaugeController",
        "name": "",
        "type": "address"
      }
    ],
    "stateMutability": "view",
    "type": "function"
  },
  {
    "inputs": [
      {
        "internalType": "address",
        "name": "gauge",
        "type": "address"
      }
    ],
    "name": "mint",
    "outputs": [],
    "stateMutability": "nonpayable",
    "type": "function"
  },
  {
    "inputs": [
      {
        "internalType": "address",
        "name": "gauge",
        "type": "address"
      },
      {
        "internalType": "address",
        "name": "user",
        "type": "address"
      }
    ],
    "name": "mintFor",
    "outputs": [],
    "stateMutability": "nonpayable",
    "type": "function"
  },
  {
    "inputs": [
      {
        "internalType": "address[]",
        "name": "gauges",
        "type": "address[]"
      }
    ],
    "name": "mintMany",
    "outputs": [],
    "stateMutability": "nonpayable",
    "type": "function"
  },
  {
    "inputs": [
      {
        "internalType": "address[]",
        "name": "gauges",
        "type": "address[]"
      },
      {
        "internalType": "address",
        "name": "user",
        "type": "address"
      }
    ],
    "name": "mintManyFor",
    "outputs": [],
    "stateMutability": "nonpayable",
    "type": "function"
  },
  {
    "inputs": [
      {
        "internalType": "address",
        "name": "gauge",
        "type": "address"
      },
      {
        "internalType": "address",
        "name": "user",
        "type": "address"
      }
    ],
    "name": "mint_for",
    "outputs": [],
    "stateMutability": "nonpayable",
    "type": "function"
  },
  {
    "inputs": [
      {
        "internalType": "address[8]",
        "name": "gauges",
        "type": "address[8]"
      }
    ],
    "name": "mint_many",
    "outputs": [],
    "stateMutability": "nonpayable",
    "type": "function"
  },
  {
    "inputs": [
      {
        "internalType": "address",
        "name": "user",
        "type": "address"
      },
      {
        "internalType": "address",
        "name": "gauge",
        "type": "address"
      }
    ],
    "name": "minted",
    "outputs": [
      {
        "internalType": "uint256",
        "name": "",
        "type": "uint256"
      }
    ],
    "stateMutability": "view",
    "type": "function"
  },
  {
    "inputs": [
      {
        "internalType": "address",
        "name": "minter",
        "type": "address"
      },
      {
        "internalType": "bool",
        "name": "approval",
        "type": "bool"
      }
    ],
    "name": "setMinterApproval",
    "outputs": [],
    "stateMutability": "nonpayable",
    "type": "function"
  },
  {
    "inputs": [
      {
        "internalType": "address",
        "name": "minter",
        "type": "address"
      }
    ],
    "name": "toggle_approve_mint",
    "outputs": [],
    "stateMutability": "nonpayable",
    "type": "function"
  }
]
