[
  {
    "inputs": [
      { "internalType": "contract IVault", "name": "vault", "type": "address" },
      {
        "internalType": "contract ILiquidityGauge",
        "name": "gauge",
        "type": "address"
      },
      {
        "internalType": "address",
        "name": "authorizerAdaptor",
        "type": "address"
      }
    ],
    "stateMutability": "nonpayable",
    "type": "constructor"
  },
  {
    "anonymous": false,
    "inputs": [
      {
        "indexed": false,
        "internalType": "address",
        "name": "oldAuthorizerAdaptor",
        "type": "address"
      },
      {
        "indexed": false,
        "internalType": "address",
        "name": "newAuthorizerAdaptor",
        "type": "address"
      }
    ],
    "name": "AuthorizerAdaptorUpdated",
    "type": "event"
  },
  {
    "anonymous": false,
    "inputs": [
      {
        "indexed": true,
        "internalType": "address",
        "name": "gauge",
        "type": "address"
      },
      {
        "indexed": true,
        "internalType": "address",
        "name": "pool",
        "type": "address"
      }
    ],
    "name": "GaugeCreated",
    "type": "event"
  },
  {
    "anonymous": false,
    "inputs": [
      {
        "indexed": false,
        "internalType": "address",
        "name": "oldGaugeImplementation",
        "type": "address"
      },
      {
        "indexed": false,
        "internalType": "address",
        "name": "newGaugeImplementation",
        "type": "address"
      }
    ],
    "name": "GaugeImplementationUpdated",
    "type": "event"
  },
  {
    "inputs": [
      { "internalType": "address", "name": "pool", "type": "address" }
    ],
    "name": "create",
    "outputs": [{ "internalType": "address", "name": "", "type": "address" }],
    "stateMutability": "nonpayable",
    "type": "function"
  },
  {
    "inputs": [
      { "internalType": "bytes4", "name": "selector", "type": "bytes4" }
    ],
    "name": "getActionId",
    "outputs": [{ "internalType": "bytes32", "name": "", "type": "bytes32" }],
    "stateMutability": "view",
    "type": "function"
  },
  {
    "inputs": [],
    "name": "getAuthorizer",
    "outputs": [
      { "internalType": "contract IAuthorizer", "name": "", "type": "address" }
    ],
    "stateMutability": "view",
    "type": "function"
  },
  {
    "inputs": [],
    "name": "getAuthorizerAdaptor",
    "outputs": [{ "internalType": "address", "name": "", "type": "address" }],
    "stateMutability": "view",
    "type": "function"
  },
  {
    "inputs": [],
    "name": "getGaugeImplementation",
    "outputs": [
      {
        "internalType": "contract ILiquidityGauge",
        "name": "",
        "type": "address"
      }
    ],
    "stateMutability": "view",
    "type": "function"
  },
  {
    "inputs": [
      { "internalType": "address", "name": "pool", "type": "address" }
    ],
    "name": "getPoolGauge",
    "outputs": [
      {
        "internalType": "contract ILiquidityGauge",
        "name": "",
        "type": "address"
      }
    ],
    "stateMutability": "view",
    "type": "function"
  },
  {
    "inputs": [],
    "name": "getVault",
    "outputs": [
      { "internalType": "contract IVault", "name": "", "type": "address" }
    ],
    "stateMutability": "view",
    "type": "function"
  },
  {
    "inputs": [
      { "internalType": "address", "name": "gauge", "type": "address" }
    ],
    "name": "isGaugeFromFactory",
    "outputs": [{ "internalType": "bool", "name": "", "type": "bool" }],
    "stateMutability": "view",
    "type": "function"
  },
  {
    "inputs": [
      {
        "internalType": "address",
        "name": "newAuthorizerAdaptor",
        "type": "address"
      }
    ],
    "name": "setAuthorizerAdaptor",
    "outputs": [],
    "stateMutability": "nonpayable",
    "type": "function"
  },
  {
    "inputs": [
      {
        "internalType": "address",
        "name": "newGaugeImplementation",
        "type": "address"
      }
    ],
    "name": "setGaugeImplementation",
    "outputs": [],
    "stateMutability": "nonpayable",
    "type": "function"
  }
]
