[
  {
    "address": "0x6B175474E89094C44Da98b954EedeAC495271d0F",
    "chainId": 1,
    "name": "Dai Stablecoin",
    "symbol": "DAI",
    "decimals": 18,
    "logoURI": "https://raw.githubusercontent.com/trustwallet/assets/master/blockchains/ethereum/assets/0x6B175474E89094C44Da98b954EedeAC495271d0F/logo.png"
  },
  {
    "address": "0x59935f19d720aD935beCdC34c4F367397a28DaED",
    "chainId": 42,
    "name": "Dai Stablecoin",
    "symbol": "DAI",
    "decimals": 18,
    "logoURI": "https://raw.githubusercontent.com/trustwallet/assets/master/blockchains/ethereum/assets/0x6B175474E89094C44Da98b954EedeAC495271d0F/logo.png"
  },
  {
    "address": "0x8f3cf7ad23cd3cadbd9735aff958023239c6a063",
    "chainId": 137,
    "name": "Dai Stablecoin",
    "symbol": "DAI",
    "decimals": 18,
    "logoURI": "https://raw.githubusercontent.com/trustwallet/assets/master/blockchains/ethereum/assets/0x6B175474E89094C44Da98b954EedeAC495271d0F/logo.png"
  }
]
