[
  {
    "inputs": [],
    "name": "CLAIM_FREQUENCY",
    "outputs": [{ "internalType": "uint256", "name": "", "type": "uint256" }],
    "stateMutability": "view",
    "type": "function"
  },
  {
    "inputs": [
      {
        "internalType": "contract IRewardsOnlyGauge",
        "name": "gauge",
        "type": "address"
      },
      { "internalType": "address", "name": "user", "type": "address" }
    ],
    "name": "claimRewardsFromGauge",
    "outputs": [],
    "stateMutability": "nonpayable",
    "type": "function"
  },
  {
    "inputs": [
      {
        "internalType": "contract IRewardsOnlyGauge[]",
        "name": "gauges",
        "type": "address[]"
      },
      { "internalType": "address", "name": "user", "type": "address" }
    ],
    "name": "claimRewardsFromGauges",
    "outputs": [],
    "stateMutability": "nonpayable",
    "type": "function"
  },
  {
    "inputs": [
      {
        "internalType": "contract IRewardsOnlyGauge",
        "name": "gauge",
        "type": "address"
      },
      { "internalType": "address", "name": "user", "type": "address" },
      { "internalType": "address", "name": "token", "type": "address" }
    ],
    "name": "getPendingRewards",
    "outputs": [{ "internalType": "uint256", "name": "", "type": "uint256" }],
    "stateMutability": "nonpayable",
    "type": "function"
  }
]
